Name,Price,Update
Honda BR-V  2018 i-VTEC MT,PKR41.8lacs,Updated 4 minutes ago
Changan Karvaan  2022 Plus,PKR25.75lacs,Updated 4 minutes ago
Toyota Corolla  2012 Altis Cruisetronic 1.6,PKR27lacs,Updated 4 minutes ago
Toyota Prius  2017 A Premium Touring Selection,PKR74.75lacs,Updated 4 minutes ago
Suzuki Cultus  2015 EURO II,PKR14.75lacs,Updated 4 minutes ago
Suzuki Cultus  2020 Auto Gear Shift,PKR34lacs,Updated 4 minutes ago
Suzuki Wagon R  2023 VXR,PKR32.5lacs,Updated 5 minutes ago
Toyota Corolla  2018 Altis Grande CVT-i 1.8,PKR61lacs,Updated 5 minutes ago
Suzuki Wagon R  2016 VXL,PKR17.5lacs,Updated 5 minutes ago
Suzuki Alto  2007 VXR,PKR9.25lacs,Updated 5 minutes ago
KIA Sorento  2022 3.5 FWD,PKR98lacs,Updated 5 minutes ago
Honda Grace Hybrid 6th Generation 2015 LX,PKR51lacs,Updated 5 minutes ago
Honda City  2022 1.2L CVT,PKR46.5lacs,Updated less than a minute ago
Suzuki Mehran  2010 VX,PKR7lacs,Updated 5 minutes ago
Suzuki Cultus  2021 ,PKR35lacs,Updated 5 minutes ago
Toyota Corolla  2016 Altis Grande CVT-i 1.8,PKR46lacs,Updated 5 minutes ago
Toyota Corolla Axio  2007 X 1.5,PKR30.5lacs,Updated 7 minutes ago
Honda Civic 11th Generation 2022 Standard,PKR80.5lacs,Updated 7 minutes ago
Toyota Corolla  2015 Altis Automatic 1.6,PKR33.75lacs,Updated 7 minutes ago
KIA Sportage  2022 AWD,PKR86.5lacs,Updated 7 minutes ago
Honda Civic  2022 1.5 RS Turbo,PKR1.02crore,Updated 7 minutes ago
Suzuki Cultus  2006 VXR,PKR6.5lacs,Updated 7 minutes ago
Toyota Corolla  2022 Altis X Automatic 1.6,PKR67lacs,Updated 7 minutes ago
Suzuki Swift  2017 DLX 1.3,PKR24lacs,Updated 7 minutes ago
Honda City 5th Generation 2021 1.5 i-VTEC Prosmatec,PKR47lacs,Updated 7 minutes ago
Name,Price,Update
Suzuki Mehran  2010 VX,PKR7lacs,Updated 5 minutes ago
Suzuki Cultus  2021 ,PKR35lacs,Updated 5 minutes ago
Toyota Corolla  2016 Altis Grande CVT-i 1.8,PKR46lacs,Updated 5 minutes ago
Toyota Corolla Axio  2007 X 1.5,PKR30.5lacs,Updated 7 minutes ago
Honda Civic 11th Generation 2022 Standard,PKR80.5lacs,Updated 7 minutes ago
Toyota Corolla  2015 Altis Automatic 1.6,PKR33.75lacs,Updated 7 minutes ago
KIA Sportage  2022 AWD,PKR86.5lacs,Updated 7 minutes ago
Honda Civic  2022 1.5 RS Turbo,PKR1.02crore,Updated 7 minutes ago
Suzuki Cultus  2006 VXR,PKR6.5lacs,Updated 7 minutes ago
Toyota Corolla  2022 Altis X Automatic 1.6,PKR67lacs,Updated 7 minutes ago
Suzuki Swift  2017 DLX 1.3,PKR24lacs,Updated 7 minutes ago
Honda City 5th Generation 2021 1.5 i-VTEC Prosmatec,PKR47lacs,Updated 7 minutes ago
FAW X-PV  2016 Dual AC,PKR7.9lacs,Updated 8 minutes ago
Toyota Fortuner  2022 2.8 Sigma 4,PKR1.77crore,Updated 8 minutes ago
Suzuki Wagon R  2018 VXL,PKR18.9lacs,Updated 8 minutes ago
Nissan Clipper  2017 ,PKR21.5lacs,Updated 8 minutes ago
Suzuki Mehran  2019 VXR Euro II,PKR11.9lacs,Updated 8 minutes ago
Audi A4  2017 1.4 TFSI ,PKR1.3crore,Updated 8 minutes ago
Honda Civic  2018 Oriel 1.8 i-VTEC CVT,PKR58.5lacs,Updated 10 minutes ago
Audi e-tron  2020 50 Quattro 230 kW,PKR2.43crore,Updated 10 minutes ago
Honda City 5th Generation 2018 1.5 i-VTEC Prosmatec,PKR35lacs,Updated 10 minutes ago
Mitsubishi Ek Wagon  2019 E,PKR35lacs,Updated 10 minutes ago
Suzuki Cultus  2010 VXRi (CNG),PKR10lacs,Updated 10 minutes ago
Toyota Fortuner  2021 2.8 Sigma 4,PKR1.7crore,Updated 10 minutes ago
Suzuki Wagon R  2022 VXL,PKR31.5lacs,Updated 10 minutes ago
Toyota Corolla  2010 GLi 1.3 VVTi,PKR23.75lacs,Updated 10 minutes ago
Toyota Yaris  2021 GLI CVT 1.3,PKR44lacs,Updated 10 minutes ago
Suzuki Wagon R  2019 VXL,PKR26lacs,Updated 10 minutes ago
Suzuki Wagon R  2020 VXR,PKR27lacs,Updated 10 minutes ago
Suzuki Wagon R  2017 VXL,PKR20lacs,Updated 10 minutes ago
Suzuki Wagon R  2019 VXL,PKR24lacs,Updated 10 minutes ago
Suzuki Cultus  2000 VXR,PKR6.3lacs,Updated 11 minutes ago
Suzuki Wagon R  2021 VXL,PKR27lacs,Updated 11 minutes ago
Suzuki Wagon R  2014 FX,PKR22.5lacs,Updated 11 minutes ago
Suzuki Cultus  2017 Limited Edition,PKR15lacs,Updated 11 minutes ago
Honda Civic  2017 Oriel 1.8 i-VTEC CVT,PKR49.5lacs,Updated 11 minutes ago
Chery Tiggo 8 Pro  2022 1.6 DEX Plus,PKR92lacs,Updated 11 minutes ago
Name,Price,Update
Toyota Fortuner  2022 2.8 Sigma 4,PKR1.77crore,Updated 8 minutes ago
Audi A4  2017 1.4 TFSI ,PKR1.3crore,Updated 8 minutes ago
Honda Civic  2018 Oriel 1.8 i-VTEC CVT,PKR58.5lacs,Updated 10 minutes ago
Audi e-tron  2020 50 Quattro 230 kW,PKR2.43crore,Updated 10 minutes ago
Honda City 5th Generation 2018 1.5 i-VTEC Prosmatec,PKR35lacs,Updated 10 minutes ago
Mitsubishi Ek Wagon  2019 E,PKR35lacs,Updated 10 minutes ago
Suzuki Cultus  2010 VXRi (CNG),PKR10lacs,Updated 10 minutes ago
Toyota Fortuner  2021 2.8 Sigma 4,PKR1.7crore,Updated 10 minutes ago
Suzuki Wagon R  2022 VXL,PKR31.5lacs,Updated 10 minutes ago
Toyota Corolla  2010 GLi 1.3 VVTi,PKR23.75lacs,Updated 10 minutes ago
Toyota Yaris  2021 GLI CVT 1.3,PKR44lacs,Updated 10 minutes ago
Suzuki Wagon R  2019 VXL,PKR26lacs,Updated 10 minutes ago
Suzuki Wagon R  2012 FX Limited,PKR19lacs,Updated 11 minutes ago
Toyota Yaris  2023 ATIV X CVT 1.5,PKR56lacs,Updated 11 minutes ago
Honda City 5th Generation 2017 1.3 i-VTEC,PKR32.5lacs,Updated 11 minutes ago
Toyota Corolla  2019 GLi Automatic 1.3 VVTi,PKR43lacs,Updated 11 minutes ago
KIA Sportage  2020 FWD,PKR72lacs,Updated 11 minutes ago
KIA Sportage  2020 AWD,PKR72.8lacs,Updated 11 minutes ago
MG HS  2021 1.5 Turbo,PKR72lacs,Updated 11 minutes ago
Suzuki Swift  2013 DX 1.3,PKR19lacs,Updated 11 minutes ago
Suzuki Cultus  2017 VXR,PKR24.9lacs,Updated 11 minutes ago
Honda Civic  2018 Oriel 1.8 i-VTEC CVT,PKR52.5lacs,Updated 11 minutes ago
Honda City  2010 1.3 i-VTEC,PKR22.35lacs,Updated 12 minutes ago
Honda Civic Rebirth 2015 VTi Oriel Prosmatec 1.8 i-VTEC,PKR41lacs,Updated 12 minutes ago
Prince Pearl  2021 MT,PKR17lacs,Updated 12 minutes ago
Suzuki Alto  2007 VXR (CNG),PKR9lacs,Updated 12 minutes ago
Toyota Corolla  2019 Altis Grande CVT-i 1.8,PKR60.75lacs,Updated 12 minutes ago
Nissan Dayz Highway Star  2014 ,PKR25.85lacs,Updated 12 minutes ago
Honda Vamos  2011 ,PKR12.5lacs,Updated 12 minutes ago
Changan Alsvin  2021 1.5L DCT Comfort,PKR39.5lacs,Updated 12 minutes ago
Suzuki Cultus  2013 EURO II,PKR10.5lacs,Updated 12 minutes ago
Suzuki Wagon R  2016 VXL,PKR26lacs,Updated 12 minutes ago
Toyota Yaris  2023 ATIV X CVT 1.5,PKR56.3lacs,Updated 12 minutes ago
Toyota Corolla  2010 Altis 1.8,PKR22lacs,Updated 12 minutes ago
Hyundai Tucson  2022 AWD A/T Ultimate,PKR90lacs,Updated 12 minutes ago
Hyundai Tucson  2021 FWD A/T GLS Sport,PKR80.5lacs,Updated 13 minutes ago
Nissan Pino  2007 S,PKR14lacs,Updated 13 minutes ago
Name,Price,Update
Suzuki Wagon R  2020 VXR,PKR27lacs,Updated 11 minutes ago
Suzuki Wagon R  2017 VXL,PKR20lacs,Updated 11 minutes ago
Suzuki Wagon R  2019 VXL,PKR24lacs,Updated 11 minutes ago
Suzuki Cultus  2000 VXR,PKR6.3lacs,Updated 11 minutes ago
Suzuki Wagon R  2021 VXL,PKR27lacs,Updated 11 minutes ago
Suzuki Wagon R  2014 FX,PKR22.5lacs,Updated 11 minutes ago
Suzuki Cultus  2017 Limited Edition,PKR15lacs,Updated 11 minutes ago
Honda Civic  2017 Oriel 1.8 i-VTEC CVT,PKR49.5lacs,Updated 11 minutes ago
Chery Tiggo 8 Pro  2022 1.6 DEX Plus,PKR92lacs,Updated 11 minutes ago
Suzuki Wagon R  2012 FX Limited,PKR19lacs,Updated 11 minutes ago
Toyota Yaris  2023 ATIV X CVT 1.5,PKR56lacs,Updated 11 minutes ago
Honda City 5th Generation 2017 1.3 i-VTEC,PKR32.5lacs,Updated 11 minutes ago
Mitsubishi Ek Wagon  2014 G,PKR22lacs,Updated 13 minutes ago
Suzuki Alto  2022 VXL AGS,PKR31.5lacs,Updated 13 minutes ago
Toyota Corolla Cross  2021 Premium High Grade,PKR1.25crore,Updated 13 minutes ago
Audi A4 4th (B8) Generation 2014 1.8 TFSI,PKR75lacs,Updated 13 minutes ago
United Bravo  2019 Base Grade ,PKR8.7lacs,Updated 13 minutes ago
Suzuki Hustler  2015 G,PKR26.75lacs,Updated 13 minutes ago
Subaru Stella  2016 L,PKR26lacs,Updated 13 minutes ago
Suzuki Swift  2017 DLX 1.3,PKR22lacs,Updated 13 minutes ago
Suzuki Alto  2019 VXL AGS,PKR24lacs,Updated 13 minutes ago
Suzuki Cultus  2010 VXRi (CNG),PKR15.5lacs,Updated 13 minutes ago
Honda Civic  2019 Oriel 1.8 i-VTEC CVT,PKR56lacs,Updated 13 minutes ago
Changan Karvaan  2021 Plus,PKR24.75lacs,Updated 13 minutes ago
Honda Civic  2006 VTi Oriel UG 1.6,PKR15.5lacs,Updated 13 minutes ago
Changan Karvaan  2020 Base Model 1.0,PKR21.5lacs,Updated 14 minutes ago
Honda Civic Rebirth 2015 VTi Prosmatec 1.8 i-VTEC,PKR39.75lacs,Updated 14 minutes ago
Honda Civic  1995 ,PKR8.5lacs,Updated 15 minutes ago
Audi A4  2016 1.4 TFSI ,PKR1.25crore,Updated 15 minutes ago
Suzuki Wagon R  2022 AGS,PKR33.5lacs,Updated 15 minutes ago
Honda BR-V  2022 i-VTEC S,PKR53lacs,Updated 15 minutes ago
Toyota Vitz  2013 F 1.3,PKR23.75lacs,Updated 16 minutes ago
Mitsubishi EK X  2019 ,PKR37.5lacs,Updated 16 minutes ago
Honda BR-V  2019 i-VTEC S,PKR48lacs,Updated 16 minutes ago
Suzuki Alto  2020 VXL AGS,PKR30lacs,Updated 16 minutes ago
Toyota Corolla  2021 Altis X Manual 1.6,PKR52lacs,Updated 16 minutes ago
Toyota Corolla  2018 GLi Automatic 1.3 VVTi,PKR52.25lacs,Updated 16 minutes ago
Name,Price,Update
KIA Sportage  2020 FWD,PKR72lacs,Updated 11 minutes ago
KIA Sportage  2020 AWD,PKR72.8lacs,Updated 11 minutes ago
MG HS  2021 1.5 Turbo,PKR72lacs,Updated 11 minutes ago
Honda Civic Rebirth 2015 VTi Oriel Prosmatec 1.8 i-VTEC,PKR41lacs,Updated 12 minutes ago
Prince Pearl  2021 MT,PKR17lacs,Updated 12 minutes ago
Suzuki Alto  2007 VXR (CNG),PKR9lacs,Updated 12 minutes ago
Toyota Corolla  2019 Altis Grande CVT-i 1.8,PKR60.75lacs,Updated 12 minutes ago
Nissan Dayz Highway Star  2014 ,PKR25.85lacs,Updated 12 minutes ago
Honda Vamos  2011 ,PKR12.5lacs,Updated 12 minutes ago
Changan Alsvin  2021 1.5L DCT Comfort,PKR39.5lacs,Updated 12 minutes ago
Suzuki Cultus  2013 EURO II,PKR10.5lacs,Updated 12 minutes ago
Suzuki Wagon R  2016 VXL,PKR26lacs,Updated 12 minutes ago
Suzuki Wagon R  2017 VXL,PKR20lacs,Updated 16 minutes ago
Toyota Corolla  2019 GLi Automatic 1.3 VVTi,PKR45lacs,Updated 17 minutes ago
Suzuki Wagon R  2022 AGS,PKR34.25lacs,Updated 18 minutes ago
Toyota Fortuner  2022 2.7 G,PKR1.45crore,Updated 18 minutes ago
Mercedes Benz E Class 3rd (W211) Generation 2004 E200,PKR46lacs,Updated 18 minutes ago
Suzuki Wagon R  2018 VXR,PKR21.9lacs,Updated 18 minutes ago
Changan Karvaan  2021 Plus,PKR24.5lacs,Updated 18 minutes ago
KIA Picanto  2022 1.0 MT,PKR28.5lacs,Updated 18 minutes ago
KIA Sportage  2021 AWD,PKR80lacs,Updated 18 minutes ago
Toyota Raize  2021 ,PKR54.5lacs,Updated 18 minutes ago
Changan Karvaan  2023 Plus,PKR27.5lacs,Updated 18 minutes ago
Honda Vezel  2018 Hybrid Z Honda Sensing ,PKR62lacs,Updated 18 minutes ago
Honda Vezel  2016 Hybrid RS Honda Sensing ,PKR65lacs,Updated 18 minutes ago
Honda BR-V  2018 i-VTEC S,PKR52lacs,Updated 18 minutes ago
Suzuki Swift  2022 GL CVT,PKR45lacs,Updated 19 minutes ago
Daihatsu Hijet  2018 Special,PKR33lacs,Updated 19 minutes ago
Honda City 5th Generation 2018 Aspire Prosmatec 1.5 i-VTEC,PKR36.75lacs,Updated 19 minutes ago
Honda Civic  2013 VTi Oriel Prosmatec 1.8 i-VTEC,PKR32lacs,Updated 20 minutes ago
Honda Insight Exclusive  2018 ,PKR1crore,Updated 20 minutes ago
Toyota Corolla  2021 Altis Grande X CVT-i 1.8 Black Interior,PKR75lacs,Updated 20 minutes ago
Toyota Aqua  2018 S,PKR59.2lacs,Updated 21 minutes ago
Toyota Vitz  2015 F 1.0,PKR30lacs,Updated 21 minutes ago
BAIC BJ40  2022 Exclusive,PKR1.04crore,Updated 21 minutes ago
Honda Civic Rebirth 2012 VTi 1.8 i-VTEC,PKR29.9lacs,Updated 21 minutes ago
Daihatsu Cuore  2009 CX Eco,PKR13lacs,Updated 21 minutes ago
Name,Price,Update
Hyundai Tucson  2022 AWD A/T Ultimate,PKR90lacs,Updated 13 minutes ago
Hyundai Tucson  2021 FWD A/T GLS Sport,PKR80.5lacs,Updated 13 minutes ago
Nissan Pino  2007 S,PKR14lacs,Updated 13 minutes ago
Mitsubishi Ek Wagon  2014 G,PKR22lacs,Updated 13 minutes ago
Suzuki Alto  2022 VXL AGS,PKR31.5lacs,Updated 13 minutes ago
Toyota Corolla Cross  2021 Premium High Grade,PKR1.25crore,Updated 13 minutes ago
Audi A4 4th (B8) Generation 2014 1.8 TFSI,PKR75lacs,Updated 13 minutes ago
United Bravo  2019 Base Grade ,PKR8.7lacs,Updated 13 minutes ago
Suzuki Hustler  2015 G,PKR26.75lacs,Updated 13 minutes ago
Subaru Stella  2016 L,PKR26lacs,Updated 13 minutes ago
Suzuki Swift  2017 DLX 1.3,PKR22lacs,Updated 13 minutes ago
Suzuki Alto  2019 VXL AGS,PKR24lacs,Updated 13 minutes ago
Changan Karvaan  2021 Plus,PKR22lacs,Updated 21 minutes ago
Toyota Corolla  2019 Altis Automatic 1.6,PKR51lacs,Updated 21 minutes ago
Suzuki Swift  2023 GL CVT,PKR44.5lacs,Updated 21 minutes ago
Toyota Vitz  2012 F 1.0,PKR23lacs,Updated 21 minutes ago
Hyundai Sonata  2023 2.0,PKR1.09crore,Updated 21 minutes ago
Suzuki Alto  2021 VXR,PKR26.3lacs,Updated 21 minutes ago
Suzuki Cultus  2018 VXR,PKR26.5lacs,Updated 21 minutes ago
Toyota Corolla Fielder  2019 X,PKR62lacs,Updated 21 minutes ago
Suzuki Hustler  2019 G,PKR30lacs,Updated 21 minutes ago
Suzuki Alto  2019 VXR,PKR24lacs,Updated 21 minutes ago
Nissan Dayz  2018 X,PKR32lacs,Updated 21 minutes ago
Toyota Corolla  2015 Altis Automatic 1.6,PKR35lacs,Updated 21 minutes ago
Honda Civic  2017 Oriel 1.8 i-VTEC CVT,PKR46.5lacs,Updated 21 minutes ago
Hyundai Elantra  2022 GLS,PKR71lacs,Updated 24 minutes ago
Daihatsu Hijet  2008 Special,PKR15.5lacs,Updated 24 minutes ago
Toyota Corolla  2018 Altis Automatic 1.6,PKR43.5lacs,Updated 24 minutes ago
Toyota Prado  2013 TX 2.7,PKR1.9crore,Updated 24 minutes ago
Toyota Hilux  2011 Invincible,PKR55lacs,Updated 24 minutes ago
Changan Alsvin  2022 1.5L DCT Lumiere,PKR43lacs,Updated 26 minutes ago
Toyota Passo  2015 X,PKR31lacs,Updated 26 minutes ago
Honda BR-V  2017 i-VTEC S,PKR36lacs,Updated 26 minutes ago
Chery Tiggo 8 Pro  2022 1.6 DEX Plus,PKR1.06crore,Updated 26 minutes ago
Toyota Yaris  2020 ATIV X CVT 1.5,PKR45lacs,Updated 26 minutes ago
KIA Picanto  2022 1.0 MT,PKR30.95lacs,Updated 26 minutes ago
Suzuki Swift  2022 GL Manual,PKR40lacs,Updated 26 minutes ago
Name,Price,Update
Suzuki Cultus  2010 VXRi (CNG),PKR15.5lacs,Updated 13 minutes ago
Honda Civic  2019 Oriel 1.8 i-VTEC CVT,PKR56lacs,Updated 13 minutes ago
Changan Karvaan  2021 Plus,PKR24.75lacs,Updated 13 minutes ago
Honda Civic  2006 VTi Oriel UG 1.6,PKR15.5lacs,Updated 13 minutes ago
Audi A4  2016 1.4 TFSI ,PKR1.25crore,Updated 16 minutes ago
Suzuki Wagon R  2022 AGS,PKR33.5lacs,Updated 16 minutes ago
Honda BR-V  2022 i-VTEC S,PKR53lacs,Updated 16 minutes ago
Toyota Vitz  2013 F 1.3,PKR23.75lacs,Updated 16 minutes ago
Mitsubishi EK X  2019 ,PKR37.5lacs,Updated 16 minutes ago
Honda BR-V  2019 i-VTEC S,PKR48lacs,Updated 16 minutes ago
Suzuki Alto  2020 VXL AGS,PKR30lacs,Updated 16 minutes ago
Toyota Corolla  2021 Altis X Manual 1.6,PKR52lacs,Updated 16 minutes ago
Suzuki Cultus  2017 ,PKR20.5lacs,Updated 26 minutes ago
Honda Freed  2016 + Hybrid G Honda Sensing,PKR49.5lacs,Updated 26 minutes ago
Honda City  2018 1.3 i-VTEC Prosmatec,PKR31.5lacs,Updated 29 minutes ago
Suzuki Wagon R  2018 VXL,PKR22.5lacs,Updated 29 minutes ago
Suzuki Alto  2022 VXR AGS,PKR30.75lacs,Updated 29 minutes ago
Suzuki Cultus  2019 VXL,PKR28.75lacs,Updated 29 minutes ago
Suzuki Alto  2020 VX,PKR21.5lacs,Updated 29 minutes ago
Daihatsu Terios Kid  2007 Custom X,PKR18.7lacs,Updated 29 minutes ago
Hyundai Sonata  2023 2.5,PKR1.19crore,Updated 33 minutes ago
Suzuki Wagon R  2015 Stingray X,PKR24.5lacs,Updated 33 minutes ago
Toyota Corolla  2017 GLi 1.3 VVTi,PKR36.5lacs,Updated 34 minutes ago
Toyota Fortuner  2013 2.7 VVTi,PKR68lacs,Updated 36 minutes ago
Toyota Corolla  2019 GLi 1.3 VVTi,PKR38lacs,Updated 39 minutes ago
Toyota Corolla  2015 GLi Automatic 1.3 VVTi,PKR33.8lacs,Updated 40 minutes ago
Suzuki Cultus  2009 VXRi,PKR8.75lacs,Updated 41 minutes ago
Toyota Land Cruiser  2012 ZX,PKR2.95crore,Updated 41 minutes ago
Toyota Hilux  2022 Revo V Automatic 2.8,PKR1.44crore,Updated 41 minutes ago
Proton X70  2022 Premium FWD,PKR81lacs,Updated 41 minutes ago
Mercedes Benz E Class 3rd (W211) Generation 2007 E200,PKR50lacs,Updated 41 minutes ago
Hyundai Elantra  2022 GL,PKR66.5lacs,Updated 41 minutes ago
Honda BR-V  2022 i-VTEC S,PKR60lacs,Updated 41 minutes ago
Suzuki Cultus  2021 VXL,PKR32.5lacs,Updated 41 minutes ago
Toyota Corolla  2018 Altis Grande CVT-i 1.8,PKR55lacs,Updated 41 minutes ago
MG HS  2023 1.5 Turbo,PKR83.5lacs,Updated 41 minutes ago
Honda Civic  2021 Oriel 1.8 i-VTEC CVT,PKR72lacs,Updated 41 minutes ago
Name,Price,Update
Toyota Corolla  2018 GLi Automatic 1.3 VVTi,PKR52.25lacs,Updated 16 minutes ago
Suzuki Wagon R  2017 VXL,PKR20lacs,Updated 16 minutes ago
Suzuki Wagon R  2022 AGS,PKR34.25lacs,Updated 18 minutes ago
Toyota Fortuner  2022 2.7 G,PKR1.45crore,Updated 18 minutes ago
Mercedes Benz E Class 3rd (W211) Generation 2004 E200,PKR46lacs,Updated 18 minutes ago
Suzuki Wagon R  2018 VXR,PKR21.9lacs,Updated 18 minutes ago
Changan Karvaan  2021 Plus,PKR24.5lacs,Updated 18 minutes ago
KIA Picanto  2022 1.0 MT,PKR28.5lacs,Updated 18 minutes ago
KIA Sportage  2021 AWD,PKR80lacs,Updated 18 minutes ago
Toyota Raize  2021 ,PKR54.5lacs,Updated 18 minutes ago
Changan Karvaan  2023 Plus,PKR27.5lacs,Updated 18 minutes ago
Honda Vezel  2018 Hybrid Z Honda Sensing ,PKR62lacs,Updated 18 minutes ago
Honda Civic  2021 Oriel 1.8 i-VTEC CVT,PKR72lacs,Updated 41 minutes ago
Toyota Premio  2018 X EX Package 1.8,PKR1.38crore,Updated 43 minutes ago
Toyota Corolla  2014 XLi VVTi Limited Edition,PKR24lacs,Updated 43 minutes ago
Honda City  2006 i-DSI,PKR17.5lacs,Updated 43 minutes ago
Suzuki Khyber  1994 GA,PKR4.15lacs,Updated 44 minutes ago
Daihatsu Cuore  2011 CX Eco,PKR11.5lacs,Updated 44 minutes ago
Toyota Yaris  2020 ATIV X CVT 1.5,PKR46.5lacs,Updated 44 minutes ago
Suzuki Swift  2019 DLX Automatic 1.3 Navigation,PKR27.5lacs,Updated 44 minutes ago
Suzuki Swift  2021 DLX Automatic 1.3 Navigation,PKR35.5lacs,Updated 44 minutes ago
Suzuki Cultus  2022 VXL,PKR38lacs,Updated 44 minutes ago
Toyota Fortuner  2017 2.7 VVTi,PKR1.17crore,Updated 44 minutes ago
Toyota Yaris  2021 ATIV X CVT 1.5,PKR48.5lacs,Updated 44 minutes ago
Honda Vezel  2018 Hybrid RS Honda Sensing ,PKR69lacs,Updated 44 minutes ago
Toyota Prado 120 Series 2004 TZ 3.4,PKR79lacs,Updated 44 minutes ago
Toyota Corolla  2022 Altis X Automatic 1.6 Special Edition,PKR73lacs,Updated 44 minutes ago
Toyota Vitz  2017 F 1.0,PKR38lacs,Updated 44 minutes ago
Suzuki Vitara  2006 ,PKR36lacs,Updated 44 minutes ago
Suzuki Cultus  2018 Auto Gear Shift,PKR31.5lacs,Updated 44 minutes ago
Suzuki Alto  2019 VXL AGS,PKR24.5lacs,Updated 44 minutes ago
Suzuki Mehran  2015 VXR Euro II,PKR8.5lacs,Updated 44 minutes ago
Suzuki Alto  2022 VXR,PKR25.9lacs,Updated 44 minutes ago
Mitsubishi Pajero  2005 GLS 2.8D,PKR33lacs,Updated 44 minutes ago
Toyota Corolla  2022 Altis Grande X CVT-i 1.8 Beige Interior,PKR74lacs,Updated 44 minutes ago
Suzuki Every  2014 ,PKR18.5lacs,Updated 44 minutes ago
Toyota Vitz  2017 F 1.0,PKR36.8lacs,Updated about 1 hour ago
Name,Price,Update
Honda Vezel  2016 Hybrid RS Honda Sensing ,PKR65lacs,Updated 18 minutes ago
Honda BR-V  2018 i-VTEC S,PKR52lacs,Updated 19 minutes ago
Suzuki Swift  2022 GL CVT,PKR45lacs,Updated 19 minutes ago
Daihatsu Hijet  2018 Special,PKR33lacs,Updated 19 minutes ago
Honda Insight Exclusive  2018 ,PKR1crore,Updated 21 minutes ago
Toyota Corolla  2021 Altis Grande X CVT-i 1.8 Black Interior,PKR75lacs,Updated 21 minutes ago
Toyota Aqua  2018 S,PKR59.2lacs,Updated 21 minutes ago
Toyota Vitz  2015 F 1.0,PKR30lacs,Updated 21 minutes ago
BAIC BJ40  2022 Exclusive,PKR1.04crore,Updated 21 minutes ago
Honda Civic Rebirth 2012 VTi 1.8 i-VTEC,PKR29.9lacs,Updated 21 minutes ago
Daihatsu Cuore  2009 CX Eco,PKR13lacs,Updated 21 minutes ago
Changan Karvaan  2021 Plus,PKR22lacs,Updated 21 minutes ago
Hyundai Tucson  2021 AWD A/T Ultimate,PKR82.75lacs,Updated about 1 hour ago
Toyota Aqua  2017 S,PKR53lacs,Updated about 1 hour ago
Suzuki Cultus  2019 VXL,PKR28.5lacs,Updated about 1 hour ago
Toyota Fortuner  2021 2.8 Sigma 4,PKR1.62crore,Updated about 1 hour ago
Honda Civic Rebirth 2012 VTi Prosmatec 1.8 i-VTEC,PKR19.5lacs,Updated about 1 hour ago
Changan Karvaan  2022 Plus,PKR26.5lacs,Updated about 1 hour ago
Hyundai Sonata  2021 2.5,PKR98lacs,Updated about 1 hour ago
Toyota Crown  2004 Royal Saloon,PKR65.25lacs,Updated about 1 hour ago
DFSK Glory 580  2021 Pro,PKR61lacs,Updated about 1 hour ago
Toyota Prado 120 Series 2003 TZ 3.4,PKR84.5lacs,Updated about 1 hour ago
Suzuki Alto  2008 G,PKR16.5lacs,Updated about 1 hour ago
Hyundai Santro  2007 Club GV,PKR8.4lacs,Updated about 1 hour ago
Toyota Corolla  2018 GLi Automatic 1.3 VVTi,PKR41lacs,Updated about 1 hour ago
Hyundai Tucson  2022 FWD A/T GLS Sport,PKR88.5lacs,Updated about 1 hour ago
Changan Oshan X7  2023 FutureSense,PKR94lacs,Updated about 1 hour ago
Suzuki Alto  2020 VX,PKR21.25lacs,Updated about 1 hour ago
Suzuki Alto  2022 VXL AGS,PKR30.9lacs,Updated about 1 hour ago
Toyota Corolla  2017 XLi VVTi,PKR35lacs,Updated about 1 hour ago
Toyota Prado  2001 ,PKR48lacs,Updated about 1 hour ago
Suzuki Alto  2022 VXR,PKR27lacs,Updated about 1 hour ago
Toyota Prado  2017 TX L Package 2.7,PKR2.95crore,Updated about 1 hour ago
Suzuki Cultus  2018 VXL,PKR22.9lacs,Updated about 1 hour ago
Honda Civic  2022 Oriel 1.8 i-VTEC CVT,PKR67.5lacs,Updated about 1 hour ago
Toyota Prius  2010 G Touring Selection 1.8,PKR40lacs,Updated about 1 hour ago
Honda Vamos Hobio  2017 ,PKR23.85lacs,Updated about 1 hour ago
Name,Price,Update
Toyota Corolla  2019 Altis Automatic 1.6,PKR51lacs,Updated 21 minutes ago
Suzuki Swift  2023 GL CVT,PKR44.5lacs,Updated 21 minutes ago
Toyota Vitz  2012 F 1.0,PKR23lacs,Updated 21 minutes ago
Hyundai Sonata  2023 2.0,PKR1.09crore,Updated 21 minutes ago
Suzuki Alto  2021 VXR,PKR26.3lacs,Updated 21 minutes ago
Suzuki Cultus  2018 VXR,PKR26.5lacs,Updated 21 minutes ago
Toyota Corolla Fielder  2019 X,PKR62lacs,Updated 21 minutes ago
Suzuki Hustler  2019 G,PKR30lacs,Updated 21 minutes ago
Suzuki Alto  2019 VXR,PKR24lacs,Updated 21 minutes ago
Nissan Dayz  2018 X,PKR32lacs,Updated 21 minutes ago
Toyota Corolla  2015 Altis Automatic 1.6,PKR35lacs,Updated 21 minutes ago
Honda Civic  2017 Oriel 1.8 i-VTEC CVT,PKR46.5lacs,Updated 22 minutes ago
Honda Civic  2019 Oriel 1.8 i-VTEC CVT,PKR56lacs,Updated about 1 hour ago
Honda Civic  2022 RS,PKR98lacs,Updated about 1 hour ago
Toyota Corolla  2022 Altis 1.6 X CVT-i Special Edition,PKR66.25lacs,Updated about 1 hour ago
Hyundai Santro  2005 Club GV,PKR7.65lacs,Updated about 1 hour ago
Toyota Yaris  2021 ATIV CVT 1.3,PKR46lacs,Updated about 1 hour ago
Suzuki Swift  2017 DLX 1.3,PKR22.5lacs,Updated about 1 hour ago
Suzuki Alto  2021 VX,PKR21.9lacs,Updated about 1 hour ago
Suzuki Alto  2022 VXR,PKR27.5lacs,Updated about 1 hour ago
KIA Picanto  2021 1.0 AT,PKR32lacs,Updated about 1 hour ago
United Bravo  2022 Base Grade ,PKR13lacs,Updated about 1 hour ago
Honda City 5th Generation 2018 1.3 i-VTEC Prosmatec,PKR36.5lacs,Updated about 1 hour ago
Suzuki Alto  2021 VXL AGS,PKR28.75lacs,Updated about 1 hour ago
Toyota Harrier  2002 ,PKR22lacs,Updated about 1 hour ago
Changan Karvaan  2022 Plus,PKR26.5lacs,Updated about 1 hour ago
BMW X1  2018 sDrive18i,PKR68lacs,Updated about 1 hour ago
Honda Accord  2006 ,PKR27lacs,Updated about 1 hour ago
Toyota Yaris  2021 ATIV CVT 1.3,PKR46lacs,Updated about 1 hour ago
Hyundai Santro  2006 Club GV,PKR10.5lacs,Updated about 1 hour ago
Mercedes Benz E Class 5th (W213) Generation 2021 E 180 AMG,PKR3.75crore,Updated about 1 hour ago
Honda BR-V  2018 i-VTEC MT,PKR38.5lacs,Updated about 1 hour ago
Toyota Corolla  2013 GLi Limited Edition 1.3 VVTi,PKR30lacs,Updated about 1 hour ago
Hyundai Sonata  2021 2.5,PKR1.08crore,Updated about 1 hour ago
Suzuki Cultus  2003 VXR,PKR6.35lacs,Updated about 1 hour ago
Toyota Fortuner  2021 2.8 Sigma 4,PKR1.7crore,Updated about 1 hour ago
Toyota Prius  2010 G Touring Selection 1.8,PKR37.5lacs,Updated about 1 hour ago
